,Date,dist,value
0,2020/01/01,Walkable Trips,12065193.614375453
1,2020/01/01,Commute Trips,9544628.429406745
2,2020/01/01,Outdoor Activity Trips,1326165.3108677533
3,2020/01/01,Traveling Trips,173756.0854835594
4,2020/01/02,Walkable Trips,15354336.936377198
5,2020/01/02,Commute Trips,12481575.693093712
6,2020/01/02,Outdoor Activity Trips,1764266.3790707102
7,2020/01/02,Traveling Trips,152304.80052725383
8,2020/01/03,Walkable Trips,15795103.600204255
9,2020/01/03,Commute Trips,12949716.833014056
10,2020/01/03,Outdoor Activity Trips,1793164.3848503488
11,2020/01/03,Traveling Trips,165290.84327594296
12,2020/01/04,Walkable Trips,14670064.573142843
13,2020/01/04,Commute Trips,11871633.076909423
14,2020/01/04,Outdoor Activity Trips,1575334.9609110698
15,2020/01/04,Traveling Trips,173890.92302303767
16,2020/01/05,Walkable Trips,13125725.33929746
17,2020/01/05,Commute Trips,10449093.935473368
18,2020/01/05,Outdoor Activity Trips,1333281.3897360286
19,2020/01/05,Traveling Trips,181160.77801468104
20,2020/01/06,Walkable Trips,15157132.20396678
21,2020/01/06,Commute Trips,12333558.273447203
22,2020/01/06,Outdoor Activity Trips,1733952.1557200016
23,2020/01/06,Traveling Trips,140217.57497985338
24,2020/01/07,Walkable Trips,15574838.660186611
25,2020/01/07,Commute Trips,12461923.58545534
26,2020/01/07,Outdoor Activity Trips,1740042.4706189956
27,2020/01/07,Traveling Trips,130429.66552360056
28,2020/01/08,Walkable Trips,15711386.337057833
29,2020/01/08,Commute Trips,12746052.801306907
30,2020/01/08,Outdoor Activity Trips,1770800.2950755688
31,2020/01/08,Traveling Trips,135495.13397958543
32,2020/01/09,Walkable Trips,15800112.214866227
33,2020/01/09,Commute Trips,12836674.216318687
34,2020/01/09,Outdoor Activity Trips,1790722.0589543171
35,2020/01/09,Traveling Trips,137151.52766934392
36,2020/01/10,Walkable Trips,16845998.720550127
37,2020/01/10,Commute Trips,13548027.286097981
38,2020/01/10,Outdoor Activity Trips,1815280.0462112224
39,2020/01/10,Traveling Trips,153400.05547933548
40,2020/01/11,Walkable Trips,15683589.082597403
41,2020/01/11,Commute Trips,12313120.436246946
42,2020/01/11,Outdoor Activity Trips,1586341.4646919412
43,2020/01/11,Traveling Trips,145094.63073747425
44,2020/01/12,Walkable Trips,14184712.025003074
45,2020/01/12,Commute Trips,10880358.511491999
46,2020/01/12,Outdoor Activity Trips,1337836.804017384
47,2020/01/12,Traveling Trips,161184.25064567628
48,2020/01/13,Walkable Trips,15637740.033392783
49,2020/01/13,Commute Trips,12384667.474828087
50,2020/01/13,Outdoor Activity Trips,1705187.9257394946
51,2020/01/13,Traveling Trips,125834.38351060415
52,2020/01/14,Walkable Trips,16152100.781002644
53,2020/01/14,Commute Trips,12825129.10345927
54,2020/01/14,Outdoor Activity Trips,1757712.8810689354
55,2020/01/14,Traveling Trips,120536.19183454373
56,2020/01/15,Walkable Trips,16243093.34077002
57,2020/01/15,Commute Trips,12906969.008966325
58,2020/01/15,Outdoor Activity Trips,1760635.2172769143
59,2020/01/15,Traveling Trips,127524.49770466257
60,2020/01/16,Walkable Trips,16302842.975822374
61,2020/01/16,Commute Trips,12856151.626453994
62,2020/01/16,Outdoor Activity Trips,1776553.9912546675
63,2020/01/16,Traveling Trips,148110.63365958378
64,2020/01/17,Walkable Trips,17045304.6288051
65,2020/01/17,Commute Trips,13360281.633795949
66,2020/01/17,Outdoor Activity Trips,1804526.1058480856
67,2020/01/17,Traveling Trips,169151.51262928275
68,2020/01/18,Walkable Trips,15678563.372133894
69,2020/01/18,Commute Trips,12018017.530649465
70,2020/01/18,Outdoor Activity Trips,1494552.5965583075
71,2020/01/18,Traveling Trips,155214.3316796567
72,2020/01/19,Walkable Trips,14227993.579330998
73,2020/01/19,Commute Trips,10795114.589222621
74,2020/01/19,Outdoor Activity Trips,1336517.8426457455
75,2020/01/19,Traveling Trips,164942.7462979345
76,2020/01/20,Walkable Trips,14324870.209612414
77,2020/01/20,Commute Trips,11710340.14871382
78,2020/01/20,Outdoor Activity Trips,1687980.04521057
79,2020/01/20,Traveling Trips,168530.33059432186
80,2020/01/21,Walkable Trips,15584354.423384057
81,2020/01/21,Commute Trips,12569075.575539535
82,2020/01/21,Outdoor Activity Trips,1758123.04239377
83,2020/01/21,Traveling Trips,135861.39007437864
84,2020/01/22,Walkable Trips,16092551.834354915
85,2020/01/22,Commute Trips,13026684.486192124
86,2020/01/22,Outdoor Activity Trips,1782422.7716822098
87,2020/01/22,Traveling Trips,131290.41749785567
88,2020/01/23,Walkable Trips,16221788.96372732
89,2020/01/23,Commute Trips,12898829.252164617
90,2020/01/23,Outdoor Activity Trips,1795780.8015711098
91,2020/01/23,Traveling Trips,142567.9634397679
92,2020/01/24,Walkable Trips,17153445.77860092
93,2020/01/24,Commute Trips,13500317.696273966
94,2020/01/24,Outdoor Activity Trips,1829831.6025691926
95,2020/01/24,Traveling Trips,164039.21528238434
96,2020/01/25,Walkable Trips,15526587.832911937
97,2020/01/25,Commute Trips,12320668.050141651
98,2020/01/25,Outdoor Activity Trips,1639515.6095577443
99,2020/01/25,Traveling Trips,155306.80661246614
100,2020/01/26,Walkable Trips,14354467.221414462
101,2020/01/26,Commute Trips,10977979.589472543
102,2020/01/26,Outdoor Activity Trips,1387669.3891713866
103,2020/01/26,Traveling Trips,167066.3566214505
104,2020/01/27,Walkable Trips,15882078.62757437
105,2020/01/27,Commute Trips,12487880.668142786
106,2020/01/27,Outdoor Activity Trips,1723635.9027281334
107,2020/01/27,Traveling Trips,135655.29120803828
108,2020/01/28,Walkable Trips,15858208.828479178
109,2020/01/28,Commute Trips,12689695.160250546
110,2020/01/28,Outdoor Activity Trips,1756364.9578666019
111,2020/01/28,Traveling Trips,131086.11203143533
112,2020/01/29,Walkable Trips,15998405.39050421
113,2020/01/29,Commute Trips,12815336.869862039
114,2020/01/29,Outdoor Activity Trips,1773161.9783387082
115,2020/01/29,Traveling Trips,131513.26831430488
116,2020/01/30,Walkable Trips,15489736.599727347
117,2020/01/30,Commute Trips,12550769.980647987
118,2020/01/30,Outdoor Activity Trips,1842559.6837357413
119,2020/01/30,Traveling Trips,195440.2370815246
120,2020/01/31,Walkable Trips,16370643.069091462
121,2020/01/31,Commute Trips,13091416.202793542
122,2020/01/31,Outdoor Activity Trips,1893233.8101333377
123,2020/01/31,Traveling Trips,228647.1698800539
124,2020/02/01,Walkable Trips,15512249.741080051
125,2020/02/01,Commute Trips,12319213.66044389
126,2020/02/01,Outdoor Activity Trips,1710420.7905138058
127,2020/02/01,Traveling Trips,217846.4929996734
128,2020/02/02,Walkable Trips,14006908.819429796
129,2020/02/02,Commute Trips,10659352.018626563
130,2020/02/02,Outdoor Activity Trips,1397956.8569598559
131,2020/02/02,Traveling Trips,215469.33705925656
132,2020/02/03,Walkable Trips,15716360.041281082
133,2020/02/03,Commute Trips,12279822.878971478
134,2020/02/03,Outdoor Activity Trips,1796405.9424801085
135,2020/02/03,Traveling Trips,208138.56760224488
136,2020/02/04,Walkable Trips,15564123.391791763
137,2020/02/04,Commute Trips,12451627.1706472
138,2020/02/04,Outdoor Activity Trips,1834051.4711418878
139,2020/02/04,Traveling Trips,202316.6824032461
140,2020/02/05,Walkable Trips,15793128.315267766
141,2020/02/05,Commute Trips,12444924.42473406
142,2020/02/05,Outdoor Activity Trips,1818729.9342937272
143,2020/02/05,Traveling Trips,206392.18509249648
144,2020/02/06,Walkable Trips,15542258.61911742
145,2020/02/06,Commute Trips,12249273.051217766
146,2020/02/06,Outdoor Activity Trips,1763229.87565243
147,2020/02/06,Traveling Trips,202493.2189147457
148,2020/02/07,Walkable Trips,16421469.843684541
149,2020/02/07,Commute Trips,12837546.601169951
150,2020/02/07,Outdoor Activity Trips,1800336.3060281735
151,2020/02/07,Traveling Trips,217399.54807988883
152,2020/02/08,Walkable Trips,15240641.64566189
153,2020/02/08,Commute Trips,12055665.933563571
154,2020/02/08,Outdoor Activity Trips,1676129.8711754696
155,2020/02/08,Traveling Trips,203989.18114433985
156,2020/02/09,Walkable Trips,12395179.866257146
157,2020/02/09,Commute Trips,9840050.88939125
158,2020/02/09,Outdoor Activity Trips,1359427.8994986059
159,2020/02/09,Traveling Trips,232943.28388624798
160,2020/02/10,Walkable Trips,14833851.174563708
161,2020/02/10,Commute Trips,12219300.123363081
162,2020/02/10,Outdoor Activity Trips,1798268.2946228122
163,2020/02/10,Traveling Trips,234961.60493028536
164,2020/02/11,Walkable Trips,15032397.99571907
165,2020/02/11,Commute Trips,12405839.703592896
166,2020/02/11,Outdoor Activity Trips,1812485.2776962875
167,2020/02/11,Traveling Trips,230469.81183005817
168,2020/02/12,Walkable Trips,15490331.156361684
169,2020/02/12,Commute Trips,12785251.4358245
170,2020/02/12,Outdoor Activity Trips,1851613.7092894071
171,2020/02/12,Traveling Trips,246526.50691273506
172,2020/02/13,Walkable Trips,15242691.746395968
173,2020/02/13,Commute Trips,12656994.21157418
174,2020/02/13,Outdoor Activity Trips,1857883.6679250966
175,2020/02/13,Traveling Trips,260640.6787399093
176,2020/02/14,Walkable Trips,16332061.513018396
177,2020/02/14,Commute Trips,13607027.582763799
178,2020/02/14,Outdoor Activity Trips,2004284.6759450608
179,2020/02/14,Traveling Trips,308985.52248887974
180,2020/02/15,Walkable Trips,14851559.048053518
181,2020/02/15,Commute Trips,12580862.775178917
182,2020/02/15,Outdoor Activity Trips,1877588.384294188
183,2020/02/15,Traveling Trips,285782.0282340296
184,2020/02/16,Walkable Trips,13480086.058743674
185,2020/02/16,Commute Trips,11028153.01725982
186,2020/02/16,Outdoor Activity Trips,1601432.1356046482
187,2020/02/16,Traveling Trips,285311.8796006206
188,2020/02/17,Walkable Trips,12185521.723781265
189,2020/02/17,Commute Trips,10201848.399592258
190,2020/02/17,Outdoor Activity Trips,1555030.150448347
191,2020/02/17,Traveling Trips,239113.79054001856
192,2020/02/18,Walkable Trips,14836710.494378846
193,2020/02/18,Commute Trips,12479953.53150035
194,2020/02/18,Outdoor Activity Trips,1885177.9807608635
195,2020/02/18,Traveling Trips,252632.89146271278
196,2020/02/19,Walkable Trips,15422168.719691092
197,2020/02/19,Commute Trips,12842822.2205765
198,2020/02/19,Outdoor Activity Trips,1937315.2543242197
199,2020/02/19,Traveling Trips,236582.35196257874
200,2020/02/20,Walkable Trips,15087374.825644994
201,2020/02/20,Commute Trips,12599410.962477518
202,2020/02/20,Outdoor Activity Trips,1922375.5160516286
203,2020/02/20,Traveling Trips,235493.43043589417
204,2020/02/21,Walkable Trips,15894179.297015486
205,2020/02/21,Commute Trips,13227218.168234346
206,2020/02/21,Outdoor Activity Trips,2025165.3772171878
207,2020/02/21,Traveling Trips,288475.64189363073
208,2020/02/22,Walkable Trips,15549811.242271015
209,2020/02/22,Commute Trips,12693382.535375386
210,2020/02/22,Outdoor Activity Trips,1923478.7282195773
211,2020/02/22,Traveling Trips,276876.7593943625
212,2020/02/23,Walkable Trips,13969307.215252854
213,2020/02/23,Commute Trips,11127937.349662004
214,2020/02/23,Outdoor Activity Trips,1520418.0870689729
215,2020/02/23,Traveling Trips,223683.11969654215
216,2020/02/24,Walkable Trips,15445423.446739465
217,2020/02/24,Commute Trips,12587359.389126547
218,2020/02/24,Outdoor Activity Trips,1704607.5572035776
219,2020/02/24,Traveling Trips,181635.7924058923
220,2020/02/25,Walkable Trips,15457442.994936984
221,2020/02/25,Commute Trips,12843862.883311018
222,2020/02/25,Outdoor Activity Trips,1806304.9859532488
223,2020/02/25,Traveling Trips,176806.17295002352
224,2020/02/26,Walkable Trips,17493823.936959207
225,2020/02/26,Commute Trips,13520842.579379516
226,2020/02/26,Outdoor Activity Trips,1671596.883193783
227,2020/02/26,Traveling Trips,153440.66059889062
228,2020/02/27,Walkable Trips,15958721.992267385
229,2020/02/27,Commute Trips,12967167.078126913
230,2020/02/27,Outdoor Activity Trips,1775686.505285942
231,2020/02/27,Traveling Trips,162184.50873554932
232,2020/02/28,Walkable Trips,17003644.614365976
233,2020/02/28,Commute Trips,13638172.991089474
234,2020/02/28,Outdoor Activity Trips,1844916.2097656014
235,2020/02/28,Traveling Trips,190874.49880181288
236,2020/02/29,Walkable Trips,16109440.447849367
237,2020/02/29,Commute Trips,13178082.378492232
238,2020/02/29,Outdoor Activity Trips,1780465.3261744133
239,2020/02/29,Traveling Trips,185980.74527769414
240,2020/03/01,Walkable Trips,14561090.528987728
241,2020/03/01,Commute Trips,11222294.116250904
242,2020/03/01,Outdoor Activity Trips,1454950.5679954991
243,2020/03/01,Traveling Trips,204523.80815218124
244,2020/03/02,Walkable Trips,16414505.50933498
245,2020/03/02,Commute Trips,12753985.532856073
246,2020/03/02,Outdoor Activity Trips,1807146.840202437
247,2020/03/02,Traveling Trips,171061.19240624766
248,2020/03/03,Walkable Trips,16579437.095320277
249,2020/03/03,Commute Trips,12868501.8610841
250,2020/03/03,Outdoor Activity Trips,1954946.834094517
251,2020/03/03,Traveling Trips,201791.49711475815
252,2020/03/04,Walkable Trips,16689571.934457107
253,2020/03/04,Commute Trips,13137978.926089931
254,2020/03/04,Outdoor Activity Trips,2010692.2966017204
255,2020/03/04,Traveling Trips,202505.10676529183
256,2020/03/05,Walkable Trips,16574782.544404568
257,2020/03/05,Commute Trips,13106116.853152448
258,2020/03/05,Outdoor Activity Trips,2018127.6412787656
259,2020/03/05,Traveling Trips,208795.30387463237
260,2020/03/06,Walkable Trips,16930650.3058349
261,2020/03/06,Commute Trips,13405972.81636379
262,2020/03/06,Outdoor Activity Trips,2056274.927914164
263,2020/03/06,Traveling Trips,233976.17122865262
264,2020/03/07,Walkable Trips,16435608.42272319
265,2020/03/07,Commute Trips,12906829.356761403
266,2020/03/07,Outdoor Activity Trips,1868864.4249451177
267,2020/03/07,Traveling Trips,242852.07270372147
268,2020/03/08,Walkable Trips,14511957.404427042
269,2020/03/08,Commute Trips,11113016.985296853
270,2020/03/08,Outdoor Activity Trips,1577656.0159560118
271,2020/03/08,Traveling Trips,244217.93093732803
272,2020/03/09,Walkable Trips,16272416.685858486
273,2020/03/09,Commute Trips,12595216.76335571
274,2020/03/09,Outdoor Activity Trips,1891923.029076224
275,2020/03/09,Traveling Trips,197217.4532297345
276,2020/03/10,Walkable Trips,15937177.848448759
277,2020/03/10,Commute Trips,12543575.678140158
278,2020/03/10,Outdoor Activity Trips,1905412.1178958868
279,2020/03/10,Traveling Trips,197298.5549723438
280,2020/03/11,Walkable Trips,17136242.868695788
281,2020/03/11,Commute Trips,12638449.856958797
282,2020/03/11,Outdoor Activity Trips,2019859.2378058876
283,2020/03/11,Traveling Trips,318125.27392207214
284,2020/03/12,Walkable Trips,16691135.253449878
285,2020/03/12,Commute Trips,12155387.550150706
286,2020/03/12,Outdoor Activity Trips,2036577.6326275724
287,2020/03/12,Traveling Trips,341750.9339127329
288,2020/03/13,Walkable Trips,17815678.601872563
289,2020/03/13,Commute Trips,12750241.957844924
290,2020/03/13,Outdoor Activity Trips,1948824.0898065658
291,2020/03/13,Traveling Trips,325838.06727914896
292,2020/03/14,Walkable Trips,16204010.413869295
293,2020/03/14,Commute Trips,11401235.563190041
294,2020/03/14,Outdoor Activity Trips,1657062.808813683
295,2020/03/14,Traveling Trips,323729.92674005503
296,2020/03/15,Walkable Trips,13725422.584718768
297,2020/03/15,Commute Trips,9818072.088558082
298,2020/03/15,Outdoor Activity Trips,1276167.9864519667
299,2020/03/15,Traveling Trips,215064.70366856558
300,2020/03/16,Walkable Trips,14727318.396989526
301,2020/03/16,Commute Trips,11486695.598870382
302,2020/03/16,Outdoor Activity Trips,1752339.626657178
303,2020/03/16,Traveling Trips,208146.88288510736
304,2020/03/17,Walkable Trips,13712683.536213025
305,2020/03/17,Commute Trips,10711536.715265706
306,2020/03/17,Outdoor Activity Trips,1663580.1925267002
307,2020/03/17,Traveling Trips,196726.6368919284
308,2020/03/18,Walkable Trips,13851280.671160778
309,2020/03/18,Commute Trips,10720234.356610186
310,2020/03/18,Outdoor Activity Trips,1670952.0093451906
311,2020/03/18,Traveling Trips,197118.91662722663
312,2020/03/19,Walkable Trips,13328795.844892547
313,2020/03/19,Commute Trips,10280249.775044896
314,2020/03/19,Outdoor Activity Trips,1574487.4358659338
315,2020/03/19,Traveling Trips,190286.07813141544
316,2020/03/20,Walkable Trips,14154446.84189274
317,2020/03/20,Commute Trips,10517799.613133473
318,2020/03/20,Outdoor Activity Trips,1565495.4012080114
319,2020/03/20,Traveling Trips,201798.3030939311
320,2020/03/21,Walkable Trips,13408105.777138814
321,2020/03/21,Commute Trips,9295986.239307297
322,2020/03/21,Outdoor Activity Trips,1202423.4027819894
323,2020/03/21,Traveling Trips,189446.1354927857
324,2020/03/22,Walkable Trips,10974046.748052182
325,2020/03/22,Commute Trips,7334659.39327335
326,2020/03/22,Outdoor Activity Trips,967760.0975718456
327,2020/03/22,Traveling Trips,172429.46948365495
328,2020/03/23,Walkable Trips,11151796.049350638
329,2020/03/23,Commute Trips,8524218.880806068
330,2020/03/23,Outdoor Activity Trips,1334257.715245034
331,2020/03/23,Traveling Trips,162837.47846019454
332,2020/03/24,Walkable Trips,11510208.416447794
333,2020/03/24,Commute Trips,8472562.570159895
334,2020/03/24,Outdoor Activity Trips,1329546.6083194641
335,2020/03/24,Traveling Trips,165541.9700359402
336,2020/03/25,Walkable Trips,11203605.844045937
337,2020/03/25,Commute Trips,8359179.712893262
338,2020/03/25,Outdoor Activity Trips,1325323.689503071
339,2020/03/25,Traveling Trips,165722.95013230146
340,2020/03/26,Walkable Trips,12011398.176788112
341,2020/03/26,Commute Trips,8652111.839276915
342,2020/03/26,Outdoor Activity Trips,1317017.1066644464
343,2020/03/26,Traveling Trips,155775.00309400714
344,2020/03/27,Walkable Trips,12150752.570092352
345,2020/03/27,Commute Trips,8743405.149300557
346,2020/03/27,Outdoor Activity Trips,1302459.3661887348
347,2020/03/27,Traveling Trips,166073.81048806655
348,2020/03/28,Walkable Trips,11186002.785872202
349,2020/03/28,Commute Trips,7726292.553098348
350,2020/03/28,Outdoor Activity Trips,981917.2980605324
351,2020/03/28,Traveling Trips,155432.29714340004
352,2020/03/29,Walkable Trips,10229546.82282238
353,2020/03/29,Commute Trips,6773011.410482505
354,2020/03/29,Outdoor Activity Trips,841966.6843005742
355,2020/03/29,Traveling Trips,155786.06646998494
356,2020/03/30,Walkable Trips,11297071.434340319
357,2020/03/30,Commute Trips,8352740.386267305
358,2020/03/30,Outdoor Activity Trips,1262328.4911778024
359,2020/03/30,Traveling Trips,155614.07479741125
360,2020/03/31,Walkable Trips,11182379.58139878
361,2020/03/31,Commute Trips,8201975.56528933
362,2020/03/31,Outdoor Activity Trips,1270178.406945087
363,2020/03/31,Traveling Trips,161450.4670164165
364,2020/04/01,Walkable Trips,11816912.987708561
365,2020/04/01,Commute Trips,8510612.39858402
366,2020/04/01,Outdoor Activity Trips,1262543.6107665105
367,2020/04/01,Traveling Trips,148976.54411491216
368,2020/04/02,Walkable Trips,11298533.6531801
369,2020/04/02,Commute Trips,8338310.63761814
370,2020/04/02,Outdoor Activity Trips,1275367.407737857
371,2020/04/02,Traveling Trips,165944.32014373638
372,2020/04/03,Walkable Trips,11751821.844613537
373,2020/04/03,Commute Trips,8653794.273155322
374,2020/04/03,Outdoor Activity Trips,1232269.2233714035
375,2020/04/03,Traveling Trips,154349.64306253026
376,2020/04/04,Walkable Trips,11093725.00046058
377,2020/04/04,Commute Trips,7735954.181213544
378,2020/04/04,Outdoor Activity Trips,934771.2854229985
379,2020/04/04,Traveling Trips,149947.7626110219
380,2020/04/05,Walkable Trips,10421210.9071617
381,2020/04/05,Commute Trips,6952750.471392775
382,2020/04/05,Outdoor Activity Trips,838599.6476242018
383,2020/04/05,Traveling Trips,152727.38316777407
384,2020/04/06,Walkable Trips,12049998.622116888
385,2020/04/06,Commute Trips,8642209.694197308
386,2020/04/06,Outdoor Activity Trips,1239498.2811347414
387,2020/04/06,Traveling Trips,126100.10886290259
388,2020/04/07,Walkable Trips,12244351.462808857
389,2020/04/07,Commute Trips,8804615.445019862
390,2020/04/07,Outdoor Activity Trips,1265471.2080946548
391,2020/04/07,Traveling Trips,121151.27322066521
392,2020/04/08,Walkable Trips,12083478.009616295
393,2020/04/08,Commute Trips,8708828.844098052
394,2020/04/08,Outdoor Activity Trips,1257046.5993543577
395,2020/04/08,Traveling Trips,123818.00966172825
396,2020/04/09,Walkable Trips,11672836.644178793
397,2020/04/09,Commute Trips,8679564.37624855
398,2020/04/09,Outdoor Activity Trips,1273959.700622189
399,2020/04/09,Traveling Trips,124633.96109259171
400,2020/04/10,Walkable Trips,12361528.158454213
401,2020/04/10,Commute Trips,9075132.774287494
402,2020/04/10,Outdoor Activity Trips,1231584.2654482787
403,2020/04/10,Traveling Trips,132762.9821718475
404,2020/04/11,Walkable Trips,12996957.828404855
405,2020/04/11,Commute Trips,8847858.382328767
406,2020/04/11,Outdoor Activity Trips,979328.7910101892
407,2020/04/11,Traveling Trips,116789.74027361488
408,2020/04/12,Walkable Trips,9821105.03667387
409,2020/04/12,Commute Trips,6395952.207503936
410,2020/04/12,Outdoor Activity Trips,732453.6272247764
411,2020/04/12,Traveling Trips,98802.49489864348
412,2020/04/13,Walkable Trips,11213025.445899205
413,2020/04/13,Commute Trips,8363061.490906696
414,2020/04/13,Outdoor Activity Trips,1225977.8177714692
415,2020/04/13,Traveling Trips,113662.88475044715
416,2020/04/14,Walkable Trips,13036958.53943412
417,2020/04/14,Commute Trips,8726863.955484195
418,2020/04/14,Outdoor Activity Trips,1216849.4130357737
419,2020/04/14,Traveling Trips,147475.33913323667
420,2020/04/15,Walkable Trips,13156434.23865213
421,2020/04/15,Commute Trips,9009152.291891804
422,2020/04/15,Outdoor Activity Trips,1218576.451596322
423,2020/04/15,Traveling Trips,139829.4747097597
424,2020/04/16,Walkable Trips,12826102.69500272
425,2020/04/16,Commute Trips,9025031.938849568
426,2020/04/16,Outdoor Activity Trips,1202910.304697757
427,2020/04/16,Traveling Trips,126247.82559522196
428,2020/04/17,Walkable Trips,13370210.046553526
429,2020/04/17,Commute Trips,9280450.340940349
430,2020/04/17,Outdoor Activity Trips,1236862.5551777072
431,2020/04/17,Traveling Trips,155292.403533028
432,2020/04/18,Walkable Trips,12814486.98595894
433,2020/04/18,Commute Trips,8703714.344021535
434,2020/04/18,Outdoor Activity Trips,1008153.7944679024
435,2020/04/18,Traveling Trips,135238.9886892463
436,2020/04/19,Walkable Trips,11453365.984853692
437,2020/04/19,Commute Trips,7274278.387091648
438,2020/04/19,Outdoor Activity Trips,876599.5097551262
439,2020/04/19,Traveling Trips,137147.4869561045
440,2020/04/20,Walkable Trips,13014118.745157002
441,2020/04/20,Commute Trips,8732828.089846192
442,2020/04/20,Outdoor Activity Trips,1257841.3495493582
443,2020/04/20,Traveling Trips,155413.16951887618
444,2020/04/21,Walkable Trips,12295116.067406842
445,2020/04/21,Commute Trips,9200986.615902523
446,2020/04/21,Outdoor Activity Trips,1360054.0628810527
447,2020/04/21,Traveling Trips,126214.9175844263
448,2020/04/22,Walkable Trips,12471312.410421327
449,2020/04/22,Commute Trips,9343141.60560887
450,2020/04/22,Outdoor Activity Trips,1377314.1268721235
451,2020/04/22,Traveling Trips,128539.41520822172
452,2020/04/23,Walkable Trips,12470459.577082617
453,2020/04/23,Commute Trips,9465079.15991745
454,2020/04/23,Outdoor Activity Trips,1389513.8282175788
455,2020/04/23,Traveling Trips,134920.43624955826
456,2020/04/24,Walkable Trips,12580270.766664244
457,2020/04/24,Commute Trips,9650432.874155706
458,2020/04/24,Outdoor Activity Trips,1374925.332738008
459,2020/04/24,Traveling Trips,137051.00530812787
460,2020/04/25,Walkable Trips,13158507.904464256
461,2020/04/25,Commute Trips,9309215.047653845
462,2020/04/25,Outdoor Activity Trips,1130629.1391192896
463,2020/04/25,Traveling Trips,119196.43990448651
464,2020/04/26,Walkable Trips,11355950.233009104
465,2020/04/26,Commute Trips,7965869.737888837
466,2020/04/26,Outdoor Activity Trips,942036.75109943
467,2020/04/26,Traveling Trips,123674.40986642077
468,2020/04/27,Walkable Trips,12564149.06801039
469,2020/04/27,Commute Trips,9475251.15929434
470,2020/04/27,Outdoor Activity Trips,1363251.3625842908
471,2020/04/27,Traveling Trips,127521.51804648807
472,2020/04/28,Walkable Trips,13085111.771794362
473,2020/04/28,Commute Trips,9739756.517114654
474,2020/04/28,Outdoor Activity Trips,1396514.8630858934
475,2020/04/28,Traveling Trips,123030.78517316928
476,2020/04/29,Walkable Trips,12969291.607611995
477,2020/04/29,Commute Trips,9672474.30046599
478,2020/04/29,Outdoor Activity Trips,1390336.67677794
479,2020/04/29,Traveling Trips,128764.58191731661
480,2020/04/30,Walkable Trips,12477326.831057029
481,2020/04/30,Commute Trips,9652202.882764364
482,2020/04/30,Outdoor Activity Trips,1400059.8109758848
483,2020/04/30,Traveling Trips,132233.11433155293
484,2020/05/01,Walkable Trips,13618504.190063532
485,2020/05/01,Commute Trips,10216088.592071686
486,2020/05/01,Outdoor Activity Trips,1400514.9724953603
487,2020/05/01,Traveling Trips,133978.26893363093
488,2020/05/02,Walkable Trips,13847143.715010302
489,2020/05/02,Commute Trips,9790760.03226467
490,2020/05/02,Outdoor Activity Trips,1213437.978319363
491,2020/05/02,Traveling Trips,125057.54604877885
492,2020/05/03,Walkable Trips,12353867.422911108
493,2020/05/03,Commute Trips,8457301.349752955
494,2020/05/03,Outdoor Activity Trips,1059108.8548194338
495,2020/05/03,Traveling Trips,130887.1623104383
496,2020/05/04,Walkable Trips,13397748.099803915
497,2020/05/04,Commute Trips,9957272.647253195
498,2020/05/04,Outdoor Activity Trips,1395041.8112709995
499,2020/05/04,Traveling Trips,127816.60927266744
500,2020/05/05,Walkable Trips,13482401.396306282
501,2020/05/05,Commute Trips,10136885.843869977
502,2020/05/05,Outdoor Activity Trips,1416061.4323806916
503,2020/05/05,Traveling Trips,123842.54552102138
504,2020/05/06,Walkable Trips,12708582.578054087
505,2020/05/06,Commute Trips,9852082.033196492
506,2020/05/06,Outdoor Activity Trips,1422758.089238445
507,2020/05/06,Traveling Trips,137774.64573076088
508,2020/05/07,Walkable Trips,13134234.57504291
509,2020/05/07,Commute Trips,10014607.546742352
510,2020/05/07,Outdoor Activity Trips,1447832.143026262
511,2020/05/07,Traveling Trips,149002.38882161814
512,2020/05/08,Walkable Trips,13403093.350891704
513,2020/05/08,Commute Trips,10361090.036312059
514,2020/05/08,Outdoor Activity Trips,1448783.2890845174
515,2020/05/08,Traveling Trips,140199.34607010742
516,2020/05/09,Walkable Trips,13267689.236441908
517,2020/05/09,Commute Trips,9852329.920472478
518,2020/05/09,Outdoor Activity Trips,1202305.6449056957
519,2020/05/09,Traveling Trips,134995.83222906038
520,2020/05/10,Walkable Trips,12255524.810112568
521,2020/05/10,Commute Trips,8920859.256110203
522,2020/05/10,Outdoor Activity Trips,1141685.932157947
523,2020/05/10,Traveling Trips,134582.16410865312
524,2020/05/11,Walkable Trips,13894905.85496877
525,2020/05/11,Commute Trips,10272496.415713804
526,2020/05/11,Outdoor Activity Trips,1518601.257077696
527,2020/05/11,Traveling Trips,150709.99236916302
528,2020/05/12,Walkable Trips,14731496.046136957
529,2020/05/12,Commute Trips,10716301.39492903
530,2020/05/12,Outdoor Activity Trips,1578181.1445870912
531,2020/05/12,Traveling Trips,148155.82329277822
532,2020/05/13,Walkable Trips,14211481.447863802
533,2020/05/13,Commute Trips,10332508.201195965
534,2020/05/13,Outdoor Activity Trips,1561090.3607385617
535,2020/05/13,Traveling Trips,156644.94065414218
536,2020/05/14,Walkable Trips,14180418.45951264
537,2020/05/14,Commute Trips,10349879.055537533
538,2020/05/14,Outdoor Activity Trips,1576108.1105611988
539,2020/05/14,Traveling Trips,167126.48982681724
540,2020/05/15,Walkable Trips,14487912.664362313
541,2020/05/15,Commute Trips,10468729.313478239
542,2020/05/15,Outdoor Activity Trips,1570552.6211062828
543,2020/05/15,Traveling Trips,183079.0178169394
544,2020/05/16,Walkable Trips,14572304.839591678
545,2020/05/16,Commute Trips,10184658.938833985
546,2020/05/16,Outdoor Activity Trips,1347252.834790847
547,2020/05/16,Traveling Trips,169025.20924758154
548,2020/05/17,Walkable Trips,14434284.49421487
549,2020/05/17,Commute Trips,9884966.38999369
550,2020/05/17,Outdoor Activity Trips,1273927.9454604432
551,2020/05/17,Traveling Trips,168225.77777048637
552,2020/05/18,Walkable Trips,15408378.164394228
553,2020/05/18,Commute Trips,11440103.130483033
554,2020/05/18,Outdoor Activity Trips,1699940.191119665
555,2020/05/18,Traveling Trips,148111.170986265
556,2020/05/19,Walkable Trips,15623130.715122404
557,2020/05/19,Commute Trips,11555068.139581058
558,2020/05/19,Outdoor Activity Trips,1744533.3413200853
559,2020/05/19,Traveling Trips,155410.76326596647
560,2020/05/20,Walkable Trips,15616310.994792158
561,2020/05/20,Commute Trips,11658461.541626895
562,2020/05/20,Outdoor Activity Trips,1759835.3031449963
563,2020/05/20,Traveling Trips,167630.88419035077
564,2020/05/21,Walkable Trips,15727816.189188812
565,2020/05/21,Commute Trips,11781741.311762117
566,2020/05/21,Outdoor Activity Trips,1789389.758998714
567,2020/05/21,Traveling Trips,190840.5454561014
568,2020/05/22,Walkable Trips,16071667.199637087
569,2020/05/22,Commute Trips,12171945.370744038
570,2020/05/22,Outdoor Activity Trips,1817910.3512686228
571,2020/05/22,Traveling Trips,216193.31080539932
572,2020/05/23,Walkable Trips,15602167.87607538
573,2020/05/23,Commute Trips,11201443.02410939
574,2020/05/23,Outdoor Activity Trips,1471845.297889808
575,2020/05/23,Traveling Trips,194289.03061760875
576,2020/05/24,Walkable Trips,13023617.521350732
577,2020/05/24,Commute Trips,9170026.342710191
578,2020/05/24,Outdoor Activity Trips,1275261.767484793
579,2020/05/24,Traveling Trips,192298.01712673236
580,2020/05/25,Walkable Trips,12497603.582865385
581,2020/05/25,Commute Trips,8672653.266242918
582,2020/05/25,Outdoor Activity Trips,1265455.098315067
583,2020/05/25,Traveling Trips,209434.3264635024
584,2020/05/26,Walkable Trips,13454133.590501564
585,2020/05/26,Commute Trips,10207617.661615565
586,2020/05/26,Outdoor Activity Trips,1544722.5745679527
587,2020/05/26,Traveling Trips,199235.2921123982
588,2020/05/27,Walkable Trips,14404480.91608274
589,2020/05/27,Commute Trips,10757810.40931688
590,2020/05/27,Outdoor Activity Trips,1631071.111664408
591,2020/05/27,Traveling Trips,182018.93029118225
592,2020/05/28,Walkable Trips,14085026.337704474
593,2020/05/28,Commute Trips,10442697.744954124
594,2020/05/28,Outdoor Activity Trips,1627384.1850571993
595,2020/05/28,Traveling Trips,178360.57225964664
596,2020/05/29,Walkable Trips,14179633.813750068
597,2020/05/29,Commute Trips,10502954.414560337
598,2020/05/29,Outdoor Activity Trips,1604498.3675235517
599,2020/05/29,Traveling Trips,179208.6166511522
600,2020/05/30,Walkable Trips,14606493.569974856
601,2020/05/30,Commute Trips,10236320.73369062
602,2020/05/30,Outdoor Activity Trips,1434264.6068263934
603,2020/05/30,Traveling Trips,173796.81238759952
604,2020/05/31,Walkable Trips,13203788.359479617
605,2020/05/31,Commute Trips,9020142.058117116
606,2020/05/31,Outdoor Activity Trips,1318499.035917898
607,2020/05/31,Traveling Trips,187192.8241370867
608,2020/06/01,Walkable Trips,13750943.23579893
609,2020/06/01,Commute Trips,10015111.345170012
610,2020/06/01,Outdoor Activity Trips,1570513.6699988665
611,2020/06/01,Traveling Trips,168726.78373301704
612,2020/06/02,Walkable Trips,13856954.652137356
613,2020/06/02,Commute Trips,10155423.891429093
614,2020/06/02,Outdoor Activity Trips,1638557.7142047058
615,2020/06/02,Traveling Trips,192800.0023312475
616,2020/06/03,Walkable Trips,14749355.25000777
617,2020/06/03,Commute Trips,10861429.313949311
618,2020/06/03,Outdoor Activity Trips,1701413.1636760007
619,2020/06/03,Traveling Trips,190403.0265314476
620,2020/06/04,Walkable Trips,14130916.347052375
621,2020/06/04,Commute Trips,10584427.0089135
622,2020/06/04,Outdoor Activity Trips,1699923.8402975127
623,2020/06/04,Traveling Trips,199801.65498035646
624,2020/06/05,Walkable Trips,14524795.211706093
625,2020/06/05,Commute Trips,10843871.713404948
626,2020/06/05,Outdoor Activity Trips,1717720.7599472695
627,2020/06/05,Traveling Trips,215950.68415971796
628,2020/06/06,Walkable Trips,13451534.591639189
629,2020/06/06,Commute Trips,9779553.679573424
630,2020/06/06,Outdoor Activity Trips,1355988.9226825389
631,2020/06/06,Traveling Trips,171336.1694017532
632,2020/06/07,Walkable Trips,13316013.485887356
633,2020/06/07,Commute Trips,9401935.06429592
634,2020/06/07,Outdoor Activity Trips,1381742.183436743
635,2020/06/07,Traveling Trips,219805.92404023893
636,2020/06/08,Walkable Trips,14674564.730103375
637,2020/06/08,Commute Trips,11091257.841297401
638,2020/06/08,Outdoor Activity Trips,1671634.1782187142
639,2020/06/08,Traveling Trips,181828.1640732043
640,2020/06/09,Walkable Trips,13796275.776894104
641,2020/06/09,Commute Trips,10450353.300210731
642,2020/06/09,Outdoor Activity Trips,1620293.945022939
643,2020/06/09,Traveling Trips,175567.90583439625
644,2020/06/10,Walkable Trips,13981195.014806606
645,2020/06/10,Commute Trips,10344670.864717668
646,2020/06/10,Outdoor Activity Trips,1620873.476100626
647,2020/06/10,Traveling Trips,191592.3609593823
648,2020/06/11,Walkable Trips,13878882.438094057
649,2020/06/11,Commute Trips,10579327.401562821
650,2020/06/11,Outdoor Activity Trips,1637105.4242677155
651,2020/06/11,Traveling Trips,195161.41194571528
652,2020/06/12,Walkable Trips,14452397.544446979
653,2020/06/12,Commute Trips,10784986.820583072
654,2020/06/12,Outdoor Activity Trips,1689441.2692786418
655,2020/06/12,Traveling Trips,214684.336435872
656,2020/06/13,Walkable Trips,14784772.992141247
657,2020/06/13,Commute Trips,10613499.062234135
658,2020/06/13,Outdoor Activity Trips,1563060.5135223237
659,2020/06/13,Traveling Trips,201183.12945015612
660,2020/06/14,Walkable Trips,12730488.419219015
661,2020/06/14,Commute Trips,8915533.693337493
662,2020/06/14,Outdoor Activity Trips,1387771.119993534
663,2020/06/14,Traveling Trips,221963.5876817829
664,2020/06/15,Walkable Trips,13481568.64019383
665,2020/06/15,Commute Trips,9913292.530396745
666,2020/06/15,Outdoor Activity Trips,1558617.91648606
667,2020/06/15,Traveling Trips,191561.41487606542
668,2020/06/16,Walkable Trips,14491431.803337732
669,2020/06/16,Commute Trips,10595086.048925525
670,2020/06/16,Outdoor Activity Trips,1598673.859180037
671,2020/06/16,Traveling Trips,171338.83103407823
672,2020/06/17,Walkable Trips,14781200.93114154
673,2020/06/17,Commute Trips,10810922.315222014
674,2020/06/17,Outdoor Activity Trips,1651552.3304091531
675,2020/06/17,Traveling Trips,181002.4376668931
676,2020/06/18,Walkable Trips,14364701.01409612
677,2020/06/18,Commute Trips,10665620.375500454
678,2020/06/18,Outdoor Activity Trips,1650525.6162930548
679,2020/06/18,Traveling Trips,189333.62078139192
680,2020/06/19,Walkable Trips,14114989.585433714
681,2020/06/19,Commute Trips,10549459.779074179
682,2020/06/19,Outdoor Activity Trips,1650196.8181652469
683,2020/06/19,Traveling Trips,205683.6005627989
684,2020/06/20,Walkable Trips,13898382.283520373
685,2020/06/20,Commute Trips,9989440.110063022
686,2020/06/20,Outdoor Activity Trips,1482772.3508236303
687,2020/06/20,Traveling Trips,197394.9031012291
688,2020/06/21,Walkable Trips,12326081.652224975
689,2020/06/21,Commute Trips,8789708.695560962
690,2020/06/21,Outdoor Activity Trips,1379517.7129861992
691,2020/06/21,Traveling Trips,198110.8992574388
692,2020/06/22,Walkable Trips,12762496.743760243
693,2020/06/22,Commute Trips,9697237.81876092
694,2020/06/22,Outdoor Activity Trips,1587310.1503440887
695,2020/06/22,Traveling Trips,199714.87862400783
696,2020/06/23,Walkable Trips,13713715.994058348
697,2020/06/23,Commute Trips,10490915.894192895
698,2020/06/23,Outdoor Activity Trips,1652034.3148859937
699,2020/06/23,Traveling Trips,187396.49765913747
700,2020/06/24,Walkable Trips,13229056.825876227
701,2020/06/24,Commute Trips,9974822.445885621
702,2020/06/24,Outdoor Activity Trips,1593093.8579712913
703,2020/06/24,Traveling Trips,182646.3213064048
704,2020/06/25,Walkable Trips,13707374.950318865
705,2020/06/25,Commute Trips,10325823.104777139
706,2020/06/25,Outdoor Activity Trips,1664767.8060176806
707,2020/06/25,Traveling Trips,201021.5814752135
708,2020/06/26,Walkable Trips,13739316.499399086
709,2020/06/26,Commute Trips,10303326.79907795
710,2020/06/26,Outdoor Activity Trips,1691529.1329040737
711,2020/06/26,Traveling Trips,218347.7003294478
712,2020/06/27,Walkable Trips,13863851.977662848
713,2020/06/27,Commute Trips,10145239.915262593
714,2020/06/27,Outdoor Activity Trips,1506885.3323712857
715,2020/06/27,Traveling Trips,203999.27452762405
716,2020/06/28,Walkable Trips,12022885.375819577
717,2020/06/28,Commute Trips,8814043.38939429
718,2020/06/28,Outdoor Activity Trips,1418727.127944972
719,2020/06/28,Traveling Trips,236878.1788097554
720,2020/06/29,Walkable Trips,12713663.02058048
721,2020/06/29,Commute Trips,9732618.939096587
722,2020/06/29,Outdoor Activity Trips,1600037.2034136907
723,2020/06/29,Traveling Trips,204101.6800248781
724,2020/06/30,Walkable Trips,12658542.47500461
725,2020/06/30,Commute Trips,9734128.032922233
726,2020/06/30,Outdoor Activity Trips,1591702.7216357198
727,2020/06/30,Traveling Trips,210838.07414747914
728,2020/07/01,Walkable Trips,12964784.641833775
729,2020/07/01,Commute Trips,9750304.744038794
730,2020/07/01,Outdoor Activity Trips,1596034.5222602426
731,2020/07/01,Traveling Trips,215610.97719061124
732,2020/07/02,Walkable Trips,14711525.448601732
733,2020/07/02,Commute Trips,11083185.401433254
734,2020/07/02,Outdoor Activity Trips,1787019.5780115337
735,2020/07/02,Traveling Trips,216893.5402379323
736,2020/07/03,Walkable Trips,13810154.899378998
737,2020/07/03,Commute Trips,10357072.391221369
738,2020/07/03,Outdoor Activity Trips,1700691.209488917
739,2020/07/03,Traveling Trips,220571.56059278664
740,2020/07/04,Walkable Trips,11818056.4241845
741,2020/07/04,Commute Trips,8863398.378798552
742,2020/07/04,Outdoor Activity Trips,1455361.5626401242
743,2020/07/04,Traveling Trips,188747.86791132175
744,2020/07/05,Walkable Trips,11972928.232590798
745,2020/07/05,Commute Trips,8438236.341357894
746,2020/07/05,Outdoor Activity Trips,1372432.676736662
747,2020/07/05,Traveling Trips,257614.73866649196
748,2020/07/06,Walkable Trips,11915801.077109251
749,2020/07/06,Commute Trips,9149837.198163701
750,2020/07/06,Outdoor Activity Trips,1498003.6690086187
751,2020/07/06,Traveling Trips,219087.7098725007
752,2020/07/07,Walkable Trips,12239035.568554102
753,2020/07/07,Commute Trips,9427439.242612204
754,2020/07/07,Outdoor Activity Trips,1546051.9686948701
755,2020/07/07,Traveling Trips,209013.76899476876
756,2020/07/08,Walkable Trips,12098646.220890356
757,2020/07/08,Commute Trips,9441451.172413757
758,2020/07/08,Outdoor Activity Trips,1568362.4121758975
759,2020/07/08,Traveling Trips,220625.66794016384
760,2020/07/09,Walkable Trips,12408741.301145317
761,2020/07/09,Commute Trips,9570475.478882682
762,2020/07/09,Outdoor Activity Trips,1602277.7186709475
763,2020/07/09,Traveling Trips,224082.73637086645
764,2020/07/10,Walkable Trips,12395316.496859351
765,2020/07/10,Commute Trips,9681783.061097832
766,2020/07/10,Outdoor Activity Trips,1593453.2331109361
767,2020/07/10,Traveling Trips,237874.0406025204
768,2020/07/11,Walkable Trips,12380581.155074088
769,2020/07/11,Commute Trips,9203128.219611518
770,2020/07/11,Outdoor Activity Trips,1417512.847207964
771,2020/07/11,Traveling Trips,228184.0980326887
772,2020/07/12,Walkable Trips,10969943.607439
773,2020/07/12,Commute Trips,8114502.726666878
774,2020/07/12,Outdoor Activity Trips,1344773.0988839392
775,2020/07/12,Traveling Trips,251198.19518477106
776,2020/07/13,Walkable Trips,11677145.84926366
777,2020/07/13,Commute Trips,9161688.011415875
778,2020/07/13,Outdoor Activity Trips,1535343.484623513
779,2020/07/13,Traveling Trips,217483.691701
780,2020/07/14,Walkable Trips,12232241.641807802
781,2020/07/14,Commute Trips,9534233.741923057
782,2020/07/14,Outdoor Activity Trips,1554743.4496777467
783,2020/07/14,Traveling Trips,186458.74889803075
784,2020/07/15,Walkable Trips,12454125.652816262
785,2020/07/15,Commute Trips,9769191.849207481
786,2020/07/15,Outdoor Activity Trips,1596166.05201396
787,2020/07/15,Traveling Trips,175458.92878759786
788,2020/07/16,Walkable Trips,12535935.023403645
789,2020/07/16,Commute Trips,9814869.935249867
790,2020/07/16,Outdoor Activity Trips,1611170.8858141308
791,2020/07/16,Traveling Trips,180424.6591949141
792,2020/07/17,Walkable Trips,12651249.560365804
793,2020/07/17,Commute Trips,9895724.83227914
794,2020/07/17,Outdoor Activity Trips,1607792.9824356486
795,2020/07/17,Traveling Trips,190190.65417665243
796,2020/07/18,Walkable Trips,12614661.089020835
797,2020/07/18,Commute Trips,9401734.602784041
798,2020/07/18,Outdoor Activity Trips,1492979.5680530132
799,2020/07/18,Traveling Trips,194555.69717032064
800,2020/07/19,Walkable Trips,10606524.097470665
801,2020/07/19,Commute Trips,7937005.3581018485
802,2020/07/19,Outdoor Activity Trips,1353391.0783915068
803,2020/07/19,Traveling Trips,219220.95829391287
804,2020/07/20,Walkable Trips,11996792.713358356
805,2020/07/20,Commute Trips,9366073.97241178
806,2020/07/20,Outdoor Activity Trips,1528212.2882804924
807,2020/07/20,Traveling Trips,168699.12326035328
808,2020/07/21,Walkable Trips,11691145.855295507
809,2020/07/21,Commute Trips,9417167.90335021
810,2020/07/21,Outdoor Activity Trips,1576073.559436432
811,2020/07/21,Traveling Trips,184188.05210358193
812,2020/07/22,Walkable Trips,11516431.768673178
813,2020/07/22,Commute Trips,9439308.34449021
814,2020/07/22,Outdoor Activity Trips,1564712.9562049005
815,2020/07/22,Traveling Trips,187275.63034547612
816,2020/07/23,Walkable Trips,11285917.258787774
817,2020/07/23,Commute Trips,9227661.106349625
818,2020/07/23,Outdoor Activity Trips,1554573.9924777588
819,2020/07/23,Traveling Trips,199089.43166216035
820,2020/07/24,Walkable Trips,12149201.395135347
821,2020/07/24,Commute Trips,9862197.356583703
822,2020/07/24,Outdoor Activity Trips,1632526.4254107303
823,2020/07/24,Traveling Trips,215993.61678631126
824,2020/07/25,Walkable Trips,11569034.759845858
825,2020/07/25,Commute Trips,9104830.527616724
826,2020/07/25,Outdoor Activity Trips,1472197.962209363
827,2020/07/25,Traveling Trips,205026.16851616837
828,2020/07/26,Walkable Trips,11133474.758986812
829,2020/07/26,Commute Trips,8715011.834196927
830,2020/07/26,Outdoor Activity Trips,1510723.8198929313
831,2020/07/26,Traveling Trips,261442.29543945895
832,2020/07/27,Walkable Trips,11521577.953605298
833,2020/07/27,Commute Trips,9462570.977686599
834,2020/07/27,Outdoor Activity Trips,1620739.7024048641
835,2020/07/27,Traveling Trips,223547.49087150302
836,2020/07/28,Walkable Trips,11750391.641987693
837,2020/07/28,Commute Trips,9892697.224347351
838,2020/07/28,Outdoor Activity Trips,1667549.8862803944
839,2020/07/28,Traveling Trips,214621.87833942325
840,2020/07/29,Walkable Trips,11722409.86557235
841,2020/07/29,Commute Trips,9747115.956814941
842,2020/07/29,Outdoor Activity Trips,1667756.9875050613
843,2020/07/29,Traveling Trips,213022.9751640266
844,2020/07/30,Walkable Trips,11800333.820333757
845,2020/07/30,Commute Trips,9825468.161377555
846,2020/07/30,Outdoor Activity Trips,1698014.6553725274
847,2020/07/30,Traveling Trips,236549.98338782878
848,2020/07/31,Walkable Trips,11610751.846560353
849,2020/07/31,Commute Trips,9557296.32037772
850,2020/07/31,Outdoor Activity Trips,1683447.0497818396
851,2020/07/31,Traveling Trips,253349.83941524
852,2020/08/01,Walkable Trips,11426121.69506025
853,2020/08/01,Commute Trips,8982243.3199204
854,2020/08/01,Outdoor Activity Trips,1540409.3504307612
855,2020/08/01,Traveling Trips,251544.73190054102
856,2020/08/02,Walkable Trips,10654126.499752367
857,2020/08/02,Commute Trips,8202078.124447248
858,2020/08/02,Outdoor Activity Trips,1435997.0098925547
859,2020/08/02,Traveling Trips,259893.7407793542
860,2020/08/03,Walkable Trips,12199734.995282963
861,2020/08/03,Commute Trips,9495636.175332874
862,2020/08/03,Outdoor Activity Trips,1620668.3950465953
863,2020/08/03,Traveling Trips,205339.1942810893
864,2020/08/04,Walkable Trips,12807155.582254628
865,2020/08/04,Commute Trips,9745524.154806979
866,2020/08/04,Outdoor Activity Trips,1550282.0174203122
867,2020/08/04,Traveling Trips,165141.55295183358
868,2020/08/05,Walkable Trips,13613896.931676313
869,2020/08/05,Commute Trips,10161319.217083981
870,2020/08/05,Outdoor Activity Trips,1607814.100010848
871,2020/08/05,Traveling Trips,173094.55664721192
872,2020/08/06,Walkable Trips,13319583.369978257
873,2020/08/06,Commute Trips,10219161.089881314
874,2020/08/06,Outdoor Activity Trips,1660143.2836052824
875,2020/08/06,Traveling Trips,186091.16903232402
876,2020/08/07,Walkable Trips,12618111.631513733
877,2020/08/07,Commute Trips,10023165.33204796
878,2020/08/07,Outdoor Activity Trips,1658587.845046393
879,2020/08/07,Traveling Trips,204395.22124563117
880,2020/08/08,Walkable Trips,11670594.05091014
881,2020/08/08,Commute Trips,9317474.147346845
882,2020/08/08,Outdoor Activity Trips,1504447.7518855862
883,2020/08/08,Traveling Trips,203624.90931840902
884,2020/08/09,Walkable Trips,11512677.815455081
885,2020/08/09,Commute Trips,9081380.780985132
886,2020/08/09,Outdoor Activity Trips,1549862.2369706098
887,2020/08/09,Traveling Trips,253130.5144823547
888,2020/08/10,Walkable Trips,12218985.358296184
889,2020/08/10,Commute Trips,10165543.31526703
890,2020/08/10,Outdoor Activity Trips,1738413.645885803
891,2020/08/10,Traveling Trips,198263.9367107233
892,2020/08/11,Walkable Trips,12393693.387954239
893,2020/08/11,Commute Trips,10489133.193075625
894,2020/08/11,Outdoor Activity Trips,1762883.4347743185
895,2020/08/11,Traveling Trips,179384.15285617227
896,2020/08/12,Walkable Trips,11135961.620543085
897,2020/08/12,Commute Trips,9625299.560403412
898,2020/08/12,Outdoor Activity Trips,1703143.1120509396
899,2020/08/12,Traveling Trips,261414.14447932623
900,2020/08/13,Walkable Trips,11223755.061639788
901,2020/08/13,Commute Trips,9869011.056010282
902,2020/08/13,Outdoor Activity Trips,1726923.9627023528
903,2020/08/13,Traveling Trips,301137.4531050751
904,2020/08/14,Walkable Trips,11909427.542732676
905,2020/08/14,Commute Trips,10411608.656868791
906,2020/08/14,Outdoor Activity Trips,1797280.8295735004
907,2020/08/14,Traveling Trips,330996.4853605112
908,2020/08/15,Walkable Trips,11378725.496882252
909,2020/08/15,Commute Trips,9633287.266325105
910,2020/08/15,Outdoor Activity Trips,1644463.8541344288
911,2020/08/15,Traveling Trips,316614.76913436997
912,2020/08/16,Walkable Trips,9790871.3305444
913,2020/08/16,Commute Trips,8521943.46896856
914,2020/08/16,Outdoor Activity Trips,1553520.4111580916
915,2020/08/16,Traveling Trips,409204.6490026943
916,2020/08/17,Walkable Trips,10769067.05462054
917,2020/08/17,Commute Trips,9620201.915631665
918,2020/08/17,Outdoor Activity Trips,1735395.5149342187
919,2020/08/17,Traveling Trips,362420.80625897815
920,2020/08/18,Walkable Trips,10338515.586284969
921,2020/08/18,Commute Trips,9437817.716097848
922,2020/08/18,Outdoor Activity Trips,1754841.8958993906
923,2020/08/18,Traveling Trips,366145.9919814444
924,2020/08/19,Walkable Trips,11057024.611852527
925,2020/08/19,Commute Trips,9848960.319066871
926,2020/08/19,Outdoor Activity Trips,1773692.5458636354
927,2020/08/19,Traveling Trips,356049.3301538422
928,2020/08/20,Walkable Trips,11138687.587022714
929,2020/08/20,Commute Trips,9863823.034691557
930,2020/08/20,Outdoor Activity Trips,1802551.6675562796
931,2020/08/20,Traveling Trips,368477.4364140177
932,2020/08/21,Walkable Trips,12174257.893806344
933,2020/08/21,Commute Trips,10447440.74997895
934,2020/08/21,Outdoor Activity Trips,1841849.9105296333
935,2020/08/21,Traveling Trips,370356.80842238845
936,2020/08/22,Walkable Trips,11510909.297626546
937,2020/08/22,Commute Trips,9729775.786392558
938,2020/08/22,Outdoor Activity Trips,1676802.5333902037
939,2020/08/22,Traveling Trips,365241.50513349276
940,2020/08/23,Walkable Trips,9472628.884274205
941,2020/08/23,Commute Trips,7915968.939456252
942,2020/08/23,Outdoor Activity Trips,1360929.171913369
943,2020/08/23,Traveling Trips,316703.76593079604
944,2020/08/24,Walkable Trips,10296419.320966043
945,2020/08/24,Commute Trips,8769773.403821621
946,2020/08/24,Outdoor Activity Trips,1498414.8552266066
947,2020/08/24,Traveling Trips,265242.8938878331
948,2020/08/25,Walkable Trips,10761490.123263078
949,2020/08/25,Commute Trips,9417416.694196101
950,2020/08/25,Outdoor Activity Trips,1555198.6672968655
951,2020/08/25,Traveling Trips,248288.54805352568
952,2020/08/26,Walkable Trips,10632465.694626212
953,2020/08/26,Commute Trips,9303114.228822367
954,2020/08/26,Outdoor Activity Trips,1573864.0478956949
955,2020/08/26,Traveling Trips,228803.80623336876
956,2020/08/27,Walkable Trips,10685095.956729813
957,2020/08/27,Commute Trips,9353576.01751511
958,2020/08/27,Outdoor Activity Trips,1599861.8652479954
959,2020/08/27,Traveling Trips,216330.91058492483
960,2020/08/28,Walkable Trips,11159944.769074969
961,2020/08/28,Commute Trips,9665287.62021571
962,2020/08/28,Outdoor Activity Trips,1649349.9539785848
963,2020/08/28,Traveling Trips,240145.84105092194
964,2020/08/29,Walkable Trips,10937511.48039104
965,2020/08/29,Commute Trips,9243836.528062869
966,2020/08/29,Outdoor Activity Trips,1450025.5914118837
967,2020/08/29,Traveling Trips,229268.62744474845
968,2020/08/30,Walkable Trips,10266032.248559343
969,2020/08/30,Commute Trips,8411835.898076752
970,2020/08/30,Outdoor Activity Trips,1458364.1550664178
971,2020/08/30,Traveling Trips,273107.32506271556
972,2020/08/31,Walkable Trips,10858657.980835006
973,2020/08/31,Commute Trips,9075800.384736817
974,2020/08/31,Outdoor Activity Trips,1573112.0575972418
975,2020/08/31,Traveling Trips,238166.37277740115
976,2020/09/01,Walkable Trips,11836974.276800476
977,2020/09/01,Commute Trips,9817670.406128883
978,2020/09/01,Outdoor Activity Trips,1613518.4635937125
979,2020/09/01,Traveling Trips,206475.19647828257
980,2020/09/02,Walkable Trips,11641962.646430574
981,2020/09/02,Commute Trips,9859478.453197012
982,2020/09/02,Outdoor Activity Trips,1646104.347036627
983,2020/09/02,Traveling Trips,207657.16048481016
984,2020/09/03,Walkable Trips,12489246.384062422
985,2020/09/03,Commute Trips,10299461.209978791
986,2020/09/03,Outdoor Activity Trips,1721328.6489740363
987,2020/09/03,Traveling Trips,239191.8708298429
988,2020/09/04,Walkable Trips,11937549.547383275
989,2020/09/04,Commute Trips,9997748.679310482
990,2020/09/04,Outdoor Activity Trips,1749340.6805221494
991,2020/09/04,Traveling Trips,276743.94672896765
992,2020/09/05,Walkable Trips,12285548.283104086
993,2020/09/05,Commute Trips,9916454.845606543
994,2020/09/05,Outdoor Activity Trips,1637171.6437780194
995,2020/09/05,Traveling Trips,245063.4647671596
996,2020/09/06,Walkable Trips,10586883.673249021
997,2020/09/06,Commute Trips,8485593.619673533
998,2020/09/06,Outdoor Activity Trips,1492915.501452958
999,2020/09/06,Traveling Trips,253939.76113334906
1000,2020/09/07,Walkable Trips,10053895.22691277
1001,2020/09/07,Commute Trips,8010022.351588104
1002,2020/09/07,Outdoor Activity Trips,1436433.7438344075
1003,2020/09/07,Traveling Trips,295773.1570478263
1004,2020/09/08,Walkable Trips,11272110.30190869
1005,2020/09/08,Commute Trips,9838986.469097529
1006,2020/09/08,Outdoor Activity Trips,1644143.260144898
1007,2020/09/08,Traveling Trips,226662.88149994359
1008,2020/09/09,Walkable Trips,11456685.300505774
1009,2020/09/09,Commute Trips,10090642.336834777
1010,2020/09/09,Outdoor Activity Trips,1697366.7161144903
1011,2020/09/09,Traveling Trips,220528.45424456155
1012,2020/09/10,Walkable Trips,11162406.472894784
1013,2020/09/10,Commute Trips,9626238.358409233
1014,2020/09/10,Outdoor Activity Trips,1650958.2395937887
1015,2020/09/10,Traveling Trips,227428.81706292706
1016,2020/09/11,Walkable Trips,12165453.509380458
1017,2020/09/11,Commute Trips,10455101.654991867
1018,2020/09/11,Outdoor Activity Trips,1739882.1616834658
1019,2020/09/11,Traveling Trips,245830.19796162957
1020,2020/09/12,Walkable Trips,11465736.31765709
1021,2020/09/12,Commute Trips,9533160.798817977
1022,2020/09/12,Outdoor Activity Trips,1543622.8839931064
1023,2020/09/12,Traveling Trips,229200.23298543424
1024,2020/09/13,Walkable Trips,9421189.154039815
1025,2020/09/13,Commute Trips,8324337.131481237
1026,2020/09/13,Outdoor Activity Trips,1520327.906415778
1027,2020/09/13,Traveling Trips,234259.93240557532
1028,2020/09/14,Walkable Trips,11275172.082677145
1029,2020/09/14,Commute Trips,9813088.908276446
1030,2020/09/14,Outdoor Activity Trips,1632857.9810868138
1031,2020/09/14,Traveling Trips,215689.86858522546
1032,2020/09/15,Walkable Trips,11554049.599881614
1033,2020/09/15,Commute Trips,10038881.969333759
1034,2020/09/15,Outdoor Activity Trips,1692722.5482569693
1035,2020/09/15,Traveling Trips,215023.17140879712
1036,2020/09/16,Walkable Trips,11214268.30705678
1037,2020/09/16,Commute Trips,10081289.803195195
1038,2020/09/16,Outdoor Activity Trips,1711806.4506291014
1039,2020/09/16,Traveling Trips,220879.18559937534
1040,2020/09/17,Walkable Trips,11368816.178426629
1041,2020/09/17,Commute Trips,10125842.520229656
1042,2020/09/17,Outdoor Activity Trips,1724305.158052413
1043,2020/09/17,Traveling Trips,231061.08774330773
1044,2020/09/18,Walkable Trips,12273689.66468856
1045,2020/09/18,Commute Trips,10538749.028550899
1046,2020/09/18,Outdoor Activity Trips,1783217.065480744
1047,2020/09/18,Traveling Trips,252683.58131887304
1048,2020/09/19,Walkable Trips,12403555.345682688
1049,2020/09/19,Commute Trips,10400869.259004144
1050,2020/09/19,Outdoor Activity Trips,1699041.2823578897
1051,2020/09/19,Traveling Trips,236489.47417937705
1052,2020/09/20,Walkable Trips,10729602.141585907
1053,2020/09/20,Commute Trips,8490233.998492356
1054,2020/09/20,Outdoor Activity Trips,1381665.6301857757
1055,2020/09/20,Traveling Trips,232136.22045551884
1056,2020/09/21,Walkable Trips,10758978.998082211
1057,2020/09/21,Commute Trips,9145980.681632543
1058,2020/09/21,Outdoor Activity Trips,1511738.9284414824
1059,2020/09/21,Traveling Trips,162055.07065196362
1060,2020/09/22,Walkable Trips,11891369.711921278
1061,2020/09/22,Commute Trips,10021508.769215161
1062,2020/09/22,Outdoor Activity Trips,1615789.68764363
1063,2020/09/22,Traveling Trips,146292.830104012
1064,2020/09/23,Walkable Trips,12279961.170206845
1065,2020/09/23,Commute Trips,10418767.356045762
1066,2020/09/23,Outdoor Activity Trips,1646565.8714254748
1067,2020/09/23,Traveling Trips,150598.13065253265
1068,2020/09/24,Walkable Trips,12045681.559345586
1069,2020/09/24,Commute Trips,10334399.003161876
1070,2020/09/24,Outdoor Activity Trips,1653080.0889844699
1071,2020/09/24,Traveling Trips,168344.02335187249
1072,2020/09/25,Walkable Trips,12694493.621760478
1073,2020/09/25,Commute Trips,10827477.655256609
1074,2020/09/25,Outdoor Activity Trips,1730546.7674782337
1075,2020/09/25,Traveling Trips,188602.0496228808
1076,2020/09/26,Walkable Trips,12534634.249193955
1077,2020/09/26,Commute Trips,10357668.429124625
1078,2020/09/26,Outdoor Activity Trips,1630189.1425597712
1079,2020/09/26,Traveling Trips,172829.86259661318
1080,2020/09/27,Walkable Trips,11297066.707068592
1081,2020/09/27,Commute Trips,8904291.065252306
1082,2020/09/27,Outdoor Activity Trips,1446633.397649639
1083,2020/09/27,Traveling Trips,212490.28517352496
1084,2020/09/28,Walkable Trips,11716750.853871614
1085,2020/09/28,Commute Trips,9875807.75411239
1086,2020/09/28,Outdoor Activity Trips,1576923.703516788
1087,2020/09/28,Traveling Trips,153907.96353766005
1088,2020/09/29,Walkable Trips,11211394.653841345
1089,2020/09/29,Commute Trips,9983822.240825815
1090,2020/09/29,Outdoor Activity Trips,1717203.4041374018
1091,2020/09/29,Traveling Trips,142713.25093831948
1092,2020/09/30,Walkable Trips,11284410.599530967
1093,2020/09/30,Commute Trips,10142786.878574234
1094,2020/09/30,Outdoor Activity Trips,1798841.8694073858
1095,2020/09/30,Traveling Trips,146005.59228301756
1096,2020/10/01,Walkable Trips,11746447.060398707
1097,2020/10/01,Commute Trips,10231848.484337017
1098,2020/10/01,Outdoor Activity Trips,1729526.5142205544
1099,2020/10/01,Traveling Trips,164601.56148642887
1100,2020/10/02,Walkable Trips,11383747.837972768
1101,2020/10/02,Commute Trips,9822256.89971764
1102,2020/10/02,Outdoor Activity Trips,1608938.3187571547
1103,2020/10/02,Traveling Trips,184008.7144102127
1104,2020/10/03,Walkable Trips,11330138.8378484
1105,2020/10/03,Commute Trips,9722232.176499331
1106,2020/10/03,Outdoor Activity Trips,1588682.7255379164
1107,2020/10/03,Traveling Trips,170185.12625326603
1108,2020/10/04,Walkable Trips,10227637.707606891
1109,2020/10/04,Commute Trips,8383883.491520261
1110,2020/10/04,Outdoor Activity Trips,1401124.1753027055
1111,2020/10/04,Traveling Trips,201535.09409011272
1112,2020/10/05,Walkable Trips,10652575.04247106
1113,2020/10/05,Commute Trips,9116620.132801527
1114,2020/10/05,Outdoor Activity Trips,1625797.2939353173
1115,2020/10/05,Traveling Trips,154704.48271089722
1116,2020/10/06,Walkable Trips,11140609.19148694
1117,2020/10/06,Commute Trips,9880166.70307711
1118,2020/10/06,Outdoor Activity Trips,1709943.7967987538
1119,2020/10/06,Traveling Trips,147970.93776618323
1120,2020/10/07,Walkable Trips,11353079.690828625
1121,2020/10/07,Commute Trips,10253150.039098173
1122,2020/10/07,Outdoor Activity Trips,1773443.3094582374
1123,2020/10/07,Traveling Trips,153705.25123973543
1124,2020/10/08,Walkable Trips,10755827.130778624
1125,2020/10/08,Commute Trips,9713199.392910367
1126,2020/10/08,Outdoor Activity Trips,1725098.1941617306
1127,2020/10/08,Traveling Trips,158559.78478206904
1128,2020/10/09,Walkable Trips,11211645.993612409
1129,2020/10/09,Commute Trips,10174987.611340145
1130,2020/10/09,Outdoor Activity Trips,1787557.2626867124
1131,2020/10/09,Traveling Trips,179264.00312650474
1132,2020/10/10,Walkable Trips,10919574.15314103
1133,2020/10/10,Commute Trips,9680919.563036606
1134,2020/10/10,Outdoor Activity Trips,1661320.6764896552
1135,2020/10/10,Traveling Trips,166679.1313286688
1136,2020/10/11,Walkable Trips,9849594.116946543
1137,2020/10/11,Commute Trips,8253835.517035719
1138,2020/10/11,Outdoor Activity Trips,1480928.9218749865
1139,2020/10/11,Traveling Trips,199963.84731619706
1140,2020/10/12,Walkable Trips,10329906.53562338
1141,2020/10/12,Commute Trips,9097181.436489258
1142,2020/10/12,Outdoor Activity Trips,1626087.27751702
1143,2020/10/12,Traveling Trips,173608.0751257089
1144,2020/10/13,Walkable Trips,10793989.690724451
1145,2020/10/13,Commute Trips,9540670.84873683
1146,2020/10/13,Outdoor Activity Trips,1673241.8607481897
1147,2020/10/13,Traveling Trips,162945.72023622878
1148,2020/10/14,Walkable Trips,11053029.153989643
1149,2020/10/14,Commute Trips,9752479.504641542
1150,2020/10/14,Outdoor Activity Trips,1701722.342211192
1151,2020/10/14,Traveling Trips,169028.2248683643
1152,2020/10/15,Walkable Trips,10202588.617318148
1153,2020/10/15,Commute Trips,9229876.253089637
1154,2020/10/15,Outdoor Activity Trips,1667894.9417003153
1155,2020/10/15,Traveling Trips,178953.597678481
1156,2020/10/16,Walkable Trips,10960794.52438261
1157,2020/10/16,Commute Trips,9837692.933714373
1158,2020/10/16,Outdoor Activity Trips,1730900.3394966554
1159,2020/10/16,Traveling Trips,194172.7034028282
1160,2020/10/17,Walkable Trips,11287520.67194972
1161,2020/10/17,Commute Trips,9495389.132337097
1162,2020/10/17,Outdoor Activity Trips,1594784.3424319867
1163,2020/10/17,Traveling Trips,181354.09192866247
1164,2020/10/18,Walkable Trips,10000836.048542643
1165,2020/10/18,Commute Trips,8272518.496651319
1166,2020/10/18,Outdoor Activity Trips,1466932.9542733692
1167,2020/10/18,Traveling Trips,202181.27634187756
1168,2020/10/19,Walkable Trips,10925930.540831221
1169,2020/10/19,Commute Trips,9411554.742082192
1170,2020/10/19,Outdoor Activity Trips,1673363.6564067092
1171,2020/10/19,Traveling Trips,170072.39588459046
1172,2020/10/20,Walkable Trips,10633890.367053822
1173,2020/10/20,Commute Trips,9454060.834460743
1174,2020/10/20,Outdoor Activity Trips,1691085.871480105
1175,2020/10/20,Traveling Trips,158313.81091079698
1176,2020/10/21,Walkable Trips,10474715.303634584
1177,2020/10/21,Commute Trips,9243442.109103004
1178,2020/10/21,Outdoor Activity Trips,1680647.5140588074
1179,2020/10/21,Traveling Trips,171552.0063479562
1180,2020/10/22,Walkable Trips,11191142.50908259
1181,2020/10/22,Commute Trips,9768267.5774084
1182,2020/10/22,Outdoor Activity Trips,1751307.9838284804
1183,2020/10/22,Traveling Trips,171928.75366142308
1184,2020/10/23,Walkable Trips,12110438.624750717
1185,2020/10/23,Commute Trips,10492887.075545391
1186,2020/10/23,Outdoor Activity Trips,1828727.8140678566
1187,2020/10/23,Traveling Trips,190238.9435326709
1188,2020/10/24,Walkable Trips,12352160.982090272
1189,2020/10/24,Commute Trips,10294979.932532739
1190,2020/10/24,Outdoor Activity Trips,1661314.5168983324
1191,2020/10/24,Traveling Trips,163514.86212606335
1192,2020/10/25,Walkable Trips,10974457.436941117
1193,2020/10/25,Commute Trips,8576493.906406825
1194,2020/10/25,Outdoor Activity Trips,1447124.1455718079
1195,2020/10/25,Traveling Trips,198576.9005176901
1196,2020/10/26,Walkable Trips,11192509.773212748
1197,2020/10/26,Commute Trips,9545659.378013883
1198,2020/10/26,Outdoor Activity Trips,1611520.6716296768
1199,2020/10/26,Traveling Trips,149284.68231937685
1200,2020/10/27,Walkable Trips,11357804.049340753
1201,2020/10/27,Commute Trips,9801399.956922859
1202,2020/10/27,Outdoor Activity Trips,1692736.3059257683
1203,2020/10/27,Traveling Trips,147677.76950176174
1204,2020/10/28,Walkable Trips,11486654.907909468
1205,2020/10/28,Commute Trips,9975108.376033012
1206,2020/10/28,Outdoor Activity Trips,1712820.6789091919
1207,2020/10/28,Traveling Trips,151424.1055057805
1208,2020/10/29,Walkable Trips,11176409.51512405
1209,2020/10/29,Commute Trips,9822583.815555582
1210,2020/10/29,Outdoor Activity Trips,1692178.024578244
1211,2020/10/29,Traveling Trips,160590.0794512295
1212,2020/10/30,Walkable Trips,11610160.85775771
1213,2020/10/30,Commute Trips,10090180.161169618
1214,2020/10/30,Outdoor Activity Trips,1703867.5627145336
1215,2020/10/30,Traveling Trips,179961.9919116014
1216,2020/10/31,Walkable Trips,11813255.166368548
1217,2020/10/31,Commute Trips,9936227.074755086
1218,2020/10/31,Outdoor Activity Trips,1619262.3589700435
1219,2020/10/31,Traveling Trips,161403.50366628365
1220,2020/11/01,Walkable Trips,12421520.173186336
1221,2020/11/01,Commute Trips,9513610.985651288
1222,2020/11/01,Outdoor Activity Trips,1509757.68702907
1223,2020/11/01,Traveling Trips,159321.9898754616
1224,2020/11/02,Walkable Trips,13009090.886972943
1225,2020/11/02,Commute Trips,10090916.98782274
1226,2020/11/02,Outdoor Activity Trips,1613434.5020753006
1227,2020/11/02,Traveling Trips,131513.34335359023
1228,2020/11/03,Walkable Trips,12131223.600584112
1229,2020/11/03,Commute Trips,9589968.707306871
1230,2020/11/03,Outdoor Activity Trips,1501532.6584502913
1231,2020/11/03,Traveling Trips,128743.46502425704
1232,2020/11/04,Walkable Trips,11688053.558693323
1233,2020/11/04,Commute Trips,9485026.622985141
1234,2020/11/04,Outdoor Activity Trips,1516968.5490762438
1235,2020/11/04,Traveling Trips,130358.20581634105
1236,2020/11/05,Walkable Trips,12627689.561572216
1237,2020/11/05,Commute Trips,10217393.431044148
1238,2020/11/05,Outdoor Activity Trips,1623754.6530511538
1239,2020/11/05,Traveling Trips,151446.43435070262
1240,2020/11/06,Walkable Trips,12652731.04610902
1241,2020/11/06,Commute Trips,10273082.399816453
1242,2020/11/06,Outdoor Activity Trips,1659134.372499264
1243,2020/11/06,Traveling Trips,175913.62224931162
1244,2020/11/07,Walkable Trips,11431919.187698917
1245,2020/11/07,Commute Trips,9491073.380723732
1246,2020/11/07,Outdoor Activity Trips,1573565.946773385
1247,2020/11/07,Traveling Trips,193783.37671867412
1248,2020/11/08,Walkable Trips,11210688.558850206
1249,2020/11/08,Commute Trips,9320320.160285046
1250,2020/11/08,Outdoor Activity Trips,1523901.6323111157
1251,2020/11/08,Traveling Trips,130787.9836731779
1252,2020/11/09,Walkable Trips,12303123.50086587
1253,2020/11/09,Commute Trips,10104642.477894614
1254,2020/11/09,Outdoor Activity Trips,1681486.3245365394
1255,2020/11/09,Traveling Trips,159052.2737161611
1256,2020/11/10,Walkable Trips,12509059.126390282
1257,2020/11/10,Commute Trips,10147277.894503525
1258,2020/11/10,Outdoor Activity Trips,1704209.2397466924
1259,2020/11/10,Traveling Trips,161917.83161030308
1260,2020/11/11,Walkable Trips,11765734.49338491
1261,2020/11/11,Commute Trips,9884210.703013541
1262,2020/11/11,Outdoor Activity Trips,1660001.815759607
1263,2020/11/11,Traveling Trips,168674.43864171812
1264,2020/11/12,Walkable Trips,11897642.22297698
1265,2020/11/12,Commute Trips,9782375.215056505
1266,2020/11/12,Outdoor Activity Trips,1661548.071690888
1267,2020/11/12,Traveling Trips,169584.0903842828
1268,2020/11/13,Walkable Trips,12494500.156283373
1269,2020/11/13,Commute Trips,10268223.802232806
1270,2020/11/13,Outdoor Activity Trips,1701545.6311135383
1271,2020/11/13,Traveling Trips,171948.28781218338
1272,2020/11/14,Walkable Trips,12102108.13022019
1273,2020/11/14,Commute Trips,10099007.936335158
1274,2020/11/14,Outdoor Activity Trips,1520948.5902263545
1275,2020/11/14,Traveling Trips,160933.92550136556
1276,2020/11/15,Walkable Trips,11201064.072680714
1277,2020/11/15,Commute Trips,9089294.680372793
1278,2020/11/15,Outdoor Activity Trips,1528200.302262946
1279,2020/11/15,Traveling Trips,189588.50561183062
1280,2020/11/16,Walkable Trips,12417841.193740994
1281,2020/11/16,Commute Trips,10039685.362528877
1282,2020/11/16,Outdoor Activity Trips,1496382.1559625028
1283,2020/11/16,Traveling Trips,173157.27513097008
1284,2020/11/17,Walkable Trips,12573886.591439134
1285,2020/11/17,Commute Trips,10187015.722786162
1286,2020/11/17,Outdoor Activity Trips,1498892.798434042
1287,2020/11/17,Traveling Trips,166215.12292532893
1288,2020/11/18,Walkable Trips,13165523.08060147
1289,2020/11/18,Commute Trips,10386413.982692216
1290,2020/11/18,Outdoor Activity Trips,1565241.4418629783
1291,2020/11/18,Traveling Trips,172041.09667769802
1292,2020/11/19,Walkable Trips,13174602.985105867
1293,2020/11/19,Commute Trips,10275180.25177055
1294,2020/11/19,Outdoor Activity Trips,1643338.3382537123
1295,2020/11/19,Traveling Trips,170638.2084822235
1296,2020/11/20,Walkable Trips,11935265.185900964
1297,2020/11/20,Commute Trips,9702040.547032906
1298,2020/11/20,Outdoor Activity Trips,1733444.3203160842
1299,2020/11/20,Traveling Trips,186495.6953196547
1300,2020/11/21,Walkable Trips,11529704.575389784
1301,2020/11/21,Commute Trips,9465740.518066127
1302,2020/11/21,Outdoor Activity Trips,1766732.6808091984
1303,2020/11/21,Traveling Trips,175235.6673037354
1304,2020/11/22,Walkable Trips,10614066.66426928
1305,2020/11/22,Commute Trips,8443597.772096356
1306,2020/11/22,Outdoor Activity Trips,1375476.07696095
1307,2020/11/22,Traveling Trips,178108.18977154442
1308,2020/11/23,Walkable Trips,11126726.285480114
1309,2020/11/23,Commute Trips,9333969.351254733
1310,2020/11/23,Outdoor Activity Trips,1656875.9853182766
1311,2020/11/23,Traveling Trips,167143.21876093303
1312,2020/11/24,Walkable Trips,11618256.758817194
1313,2020/11/24,Commute Trips,9734798.53897915
1314,2020/11/24,Outdoor Activity Trips,1728146.6908788313
1315,2020/11/24,Traveling Trips,170168.010301723
1316,2020/11/25,Walkable Trips,12457865.333821792
1317,2020/11/25,Commute Trips,9979062.090803131
1318,2020/11/25,Outdoor Activity Trips,1660436.3325756243
1319,2020/11/25,Traveling Trips,182680.0933852819
1320,2020/11/26,Walkable Trips,9350236.842984864
1321,2020/11/26,Commute Trips,7775008.535233031
1322,2020/11/26,Outdoor Activity Trips,1470227.2814697425
1323,2020/11/26,Traveling Trips,167965.9004405738
1324,2020/11/27,Walkable Trips,11923290.12403413
1325,2020/11/27,Commute Trips,9862860.160892714
1326,2020/11/27,Outdoor Activity Trips,1621509.1586424236
1327,2020/11/27,Traveling Trips,175351.43075339153
1328,2020/11/28,Walkable Trips,11221122.449623939
1329,2020/11/28,Commute Trips,9208058.30531386
1330,2020/11/28,Outdoor Activity Trips,1513168.61312385
1331,2020/11/28,Traveling Trips,181248.6637169335
1332,2020/11/29,Walkable Trips,11303469.752479598
1333,2020/11/29,Commute Trips,8903923.819312919
1334,2020/11/29,Outdoor Activity Trips,1393333.5268425536
1335,2020/11/29,Traveling Trips,196686.52533985383
1336,2020/11/30,Walkable Trips,11498427.940671831
1337,2020/11/30,Commute Trips,9495030.668029942
1338,2020/11/30,Outdoor Activity Trips,1675321.5401924325
1339,2020/11/30,Traveling Trips,163295.10711177328
1340,2020/12/01,Walkable Trips,12747374.16694563
1341,2020/12/01,Commute Trips,10348134.253363209
1342,2020/12/01,Outdoor Activity Trips,1771485.5486863186
1343,2020/12/01,Traveling Trips,157823.27747266108
1344,2020/12/02,Walkable Trips,12764919.868624456
1345,2020/12/02,Commute Trips,10605582.800768867
1346,2020/12/02,Outdoor Activity Trips,1789671.2522880272
1347,2020/12/02,Traveling Trips,158126.51549762537
1348,2020/12/03,Walkable Trips,12917007.802232916
1349,2020/12/03,Commute Trips,10630088.042396301
1350,2020/12/03,Outdoor Activity Trips,1807035.2154935661
1351,2020/12/03,Traveling Trips,162984.9223935753
1352,2020/12/04,Walkable Trips,13314410.55877765
1353,2020/12/04,Commute Trips,10907220.951934993
1354,2020/12/04,Outdoor Activity Trips,1829099.230738497
1355,2020/12/04,Traveling Trips,168934.0118629221
1356,2020/12/05,Walkable Trips,12775360.39171578
1357,2020/12/05,Commute Trips,10225272.67652351
1358,2020/12/05,Outdoor Activity Trips,1567565.1176897753
1359,2020/12/05,Traveling Trips,158960.64067957032
1360,2020/12/06,Walkable Trips,11560483.061749596
1361,2020/12/06,Commute Trips,8990453.432788828
1362,2020/12/06,Outdoor Activity Trips,1404603.9985591425
1363,2020/12/06,Traveling Trips,169631.18874509315
1364,2020/12/07,Walkable Trips,11171633.910766313
1365,2020/12/07,Commute Trips,9361745.188188516
1366,2020/12/07,Outdoor Activity Trips,1687738.8838480446
1367,2020/12/07,Traveling Trips,164506.23353844724
1368,2020/12/08,Walkable Trips,11583766.04171368
1369,2020/12/08,Commute Trips,9770934.388939267
1370,2020/12/08,Outdoor Activity Trips,1741343.336030451
1371,2020/12/08,Traveling Trips,157493.44807854228
1372,2020/12/09,Walkable Trips,11607402.710085038
1373,2020/12/09,Commute Trips,9624873.336743323
1374,2020/12/09,Outdoor Activity Trips,1757083.4739079839
1375,2020/12/09,Traveling Trips,161369.93563699035
1376,2020/12/10,Walkable Trips,12179773.652155384
1377,2020/12/10,Commute Trips,9931190.107589677
1378,2020/12/10,Outdoor Activity Trips,1754223.2812620013
1379,2020/12/10,Traveling Trips,158966.65365771466
1380,2020/12/11,Walkable Trips,12316586.458643176
1381,2020/12/11,Commute Trips,10172326.205582445
1382,2020/12/11,Outdoor Activity Trips,1768149.8054820502
1383,2020/12/11,Traveling Trips,163929.36315592853
1384,2020/12/12,Walkable Trips,12475418.947060658
1385,2020/12/12,Commute Trips,9563084.133806674
1386,2020/12/12,Outdoor Activity Trips,1544313.5712822173
1387,2020/12/12,Traveling Trips,161297.6465882814
1388,2020/12/13,Walkable Trips,10816810.281842323
1389,2020/12/13,Commute Trips,8442373.09226635
1390,2020/12/13,Outdoor Activity Trips,1382445.3327826161
1391,2020/12/13,Traveling Trips,173766.46235147252
1392,2020/12/14,Walkable Trips,11297134.564193754
1393,2020/12/14,Commute Trips,9446278.630206171
1394,2020/12/14,Outdoor Activity Trips,1682021.127300554
1395,2020/12/14,Traveling Trips,159727.8878979058
1396,2020/12/15,Walkable Trips,11912355.456761727
1397,2020/12/15,Commute Trips,9906905.368696328
1398,2020/12/15,Outdoor Activity Trips,1760157.6636020576
1399,2020/12/15,Traveling Trips,157248.6064258405
1400,2020/12/16,Walkable Trips,11362532.817942383
1401,2020/12/16,Commute Trips,9365947.727614325
1402,2020/12/16,Outdoor Activity Trips,1687305.3874732743
1403,2020/12/16,Traveling Trips,166047.9533004222
1404,2020/12/17,Walkable Trips,11620261.859806756
1405,2020/12/17,Commute Trips,9201802.626759738
1406,2020/12/17,Outdoor Activity Trips,1532447.3688027922
1407,2020/12/17,Traveling Trips,167566.56415025797
1408,2020/12/18,Walkable Trips,12325262.28495568
1409,2020/12/18,Commute Trips,10350197.155608593
1410,2020/12/18,Outdoor Activity Trips,1842808.042209032
1411,2020/12/18,Traveling Trips,187879.19407098074
1412,2020/12/19,Walkable Trips,11915948.620200891
1413,2020/12/19,Commute Trips,9972879.543808801
1414,2020/12/19,Outdoor Activity Trips,1643334.50964319
1415,2020/12/19,Traveling Trips,177050.52065412232
1416,2020/12/20,Walkable Trips,9684302.943736577
1417,2020/12/20,Commute Trips,7732186.9234438455
1418,2020/12/20,Outdoor Activity Trips,1297541.037585588
1419,2020/12/20,Traveling Trips,164533.69149575807
1420,2020/12/21,Walkable Trips,10779856.695272485
1421,2020/12/21,Commute Trips,9337424.38933101
1422,2020/12/21,Outdoor Activity Trips,1773811.8828488581
1423,2020/12/21,Traveling Trips,178965.3423230335
1424,2020/12/22,Walkable Trips,10820993.45314567
1425,2020/12/22,Commute Trips,10323301.4453574
1426,2020/12/22,Outdoor Activity Trips,2081894.586641252
1427,2020/12/22,Traveling Trips,217613.01651517654
1428,2020/12/23,Walkable Trips,11256342.379908191
1429,2020/12/23,Commute Trips,10654157.13437482
1430,2020/12/23,Outdoor Activity Trips,2060247.6385391182
1431,2020/12/23,Traveling Trips,226152.48586686482
1432,2020/12/24,Walkable Trips,10530151.126287688
1433,2020/12/24,Commute Trips,9400307.926183982
1434,2020/12/24,Outdoor Activity Trips,1669149.8200321912
1435,2020/12/24,Traveling Trips,188693.43927300244
1436,2020/12/25,Walkable Trips,6217245.064877912
1437,2020/12/25,Commute Trips,5586275.508153317
1438,2020/12/25,Outdoor Activity Trips,1136011.980607661
1439,2020/12/25,Traveling Trips,143219.37117114873
1440,2020/12/26,Walkable Trips,10573971.415644554
1441,2020/12/26,Commute Trips,8833089.77175485
1442,2020/12/26,Outdoor Activity Trips,1548457.671647387
1443,2020/12/26,Traveling Trips,192266.8442864611
1444,2020/12/27,Walkable Trips,10356003.339659935
1445,2020/12/27,Commute Trips,8502035.78381767
1446,2020/12/27,Outdoor Activity Trips,1271621.9551684237
1447,2020/12/27,Traveling Trips,246808.1420172499
1448,2020/12/28,Walkable Trips,11412701.576310502
1449,2020/12/28,Commute Trips,9727960.721249739
1450,2020/12/28,Outdoor Activity Trips,1426127.8454007492
1451,2020/12/28,Traveling Trips,190175.23358093435
1452,2020/12/29,Walkable Trips,11632354.996240487
1453,2020/12/29,Commute Trips,10075318.041336989
1454,2020/12/29,Outdoor Activity Trips,1476298.1025437773
1455,2020/12/29,Traveling Trips,186153.09370502617
1456,2020/12/30,Walkable Trips,11996512.356114976
1457,2020/12/30,Commute Trips,10308844.98521957
1458,2020/12/30,Outdoor Activity Trips,1506281.2971826945
1459,2020/12/30,Traveling Trips,202523.00146449628
1460,2020/12/31,Walkable Trips,12636932.127798654
1461,2020/12/31,Commute Trips,10172040.856453672
1462,2020/12/31,Outdoor Activity Trips,1354740.0040479598
1463,2020/12/31,Traveling Trips,183254.99106399645
